{
    "name"         : "haxeui",
    "url"          : "https://github.com/ianharrigan/haxeui",
    "license"      : "MIT",
    "tags"         : ["rich", "ui"],
    "description"  : "Styleable application centric rich UI",
    "version"      : "1.4.10",
    "releasenote"  : "Updated dconsole api access (ProG4mr)",
    "contributors" : ["ianharrigan"],
    "dependencies" : {
        "openfl"        : "",
        "actuate"       : "",
        "hscript"       : "",
        "svg"           : ""
    }
}
